{
  "atom": {
    "data": {
      "C~1": [
        1.0335031671714874,
        0.3316316295244116
      ],
      "C~2": [
        1.0381554527095826,
        0.32449431318514677
      ],
      "H~1": [
        1.0302537382183292,
        -0.03941960032311728
      ],
      "N~1": [
        1.4899535665673491,
        0.39221694545961844
      ],
      "N~2": [
        1.2504791762514504,
        0.4455994657549135
      ],
      "O~1": [
        2.1215634197949282,
        0.521016761804894
      ],
      "O~2": [
        2.982340649877869,
        0.5871109720968575
      ]
    },
    "names": [
      "electron affinity",
      "ionization potential"
    ]
  },
  "common": {
    "k": 1.7535790236800122,
    "lambda": 0.7876644529830609
  },
  "metadata": {
    "atomic_types_pattern": "hbo",
    "method": "EQEq"
  }
}