{
  "atom": {
    "data": {
      "C~1/CCCH": [
        1.1517841495714978,
        1.412198924787066,
        0.7000120544004366,
        -0.08917694678874162
      ],
      "C~1/CCHH": [
        0.9301193132410004,
        1.5777036687930202,
        0.09818273272802085,
        -0.23219426258735634
      ],
      "C~1/CCHN": [
        1.4964252320764433,
        1.6106548394477005,
        0.5348919282833978,
        0.13754002655534867
      ],
      "C~1/CCHO": [
        0.5956733727243975,
        2.182651479675003,
        0.5622609084546895,
        -0.14045394642759723
      ],
      "C~1/CHHH": [
        0.9526512556125171,
        2.0893529583232358,
        0.39847596801458884,
        -0.33759407096580685
      ],
      "C~1/CHHN": [
        1.1040447158531654,
        1.2121625225703834,
        0.5960406136433465,
        -0.0382578277649672
      ],
      "C~1/CHHO": [
        0.48934882328050294,
        2.1905201588178183,
        0.7540585473743489,
        -0.25975808356779984
      ],
      "C~1/CHHS": [
        1.0243545484014405,
        1.154325747898133,
        0.7664492221152607,
        -0.12831731249942868
      ],
      "C~1/HHHS": [
        0.5034104913456132,
        0.6775354460427823,
        0.48972081077798757,
        -0.2791716177911918
      ],
      "C~2/CCC": [
        1.3319394702529934,
        1.7246686473231239,
        0.2853387734892912,
        0.0292414406461114
      ],
      "C~2/CCH": [
        1.1212514111542418,
        1.8356682646985785,
        -0.06171110377907737,
        -0.11544715544891927
      ],
      "C~2/CCN": [
        0.23696273721785496,
        1.1391663112081933,
        1.2066352470229031,
        -0.6432498527316812
      ],
      "C~2/CCO": [
        0.7476156543684083,
        1.91214913240954,
        0.9541957240877441,
        -0.01867914912265639
      ],
      "C~2/CHN": [
        1.2352119725440782,
        1.6149201308041257,
        0.039989683748175166,
        0.06735437641279086
      ],
      "C~2/CNO": [
        0.0441202809922535,
        1.3866538179554881,
        0.9169047895461542,
        -0.32053529234547845
      ],
      "C~2/COO": [
        -0.10660079886065223,
        0.9429857361843754,
        0.9858719679160739,
        -0.7477679124471998
      ],
      "C~2/HNN": [
        1.8335864132200312,
        1.422915395413582,
        0.5849228809643381,
        0.5146153286271339
      ],
      "C~2/NNN": [
        0.703333972137469,
        2.051616450335305,
        0.8614407048546358,
        0.20389003331817773
      ],
      "H~1/C": [
        0.7866382629570747,
        1.93576799435251,
        0.301674926495245,
        0.10715359864340815
      ],
      "H~1/N": [
        0.4491167859227473,
        2.714549831996216,
        0.20542571559076464,
        0.09392657212166297
      ],
      "H~1/O": [
        -0.08639573852618729,
        2.9739979600153355,
        -0.049223587929000494,
        -0.013743997952831318
      ],
      "N~1/CCC": [
        1.7788195053066334,
        1.3653881596641313,
        0.1631355600180646,
        0.20540112842994582
      ],
      "N~1/CCH": [
        2.3184830850927827,
        1.8631814024704456,
        0.005328001719777803,
        0.29623140590148767
      ],
      "N~1/CCHH": [
        1.888173217938229,
        1.4524584111132153,
        0.11502911060648371,
        0.43811319097460777
      ],
      "N~1/CHH": [
        3.259566007604458,
        2.4124289368908345,
        0.3048585634397512,
        0.39344410539451585
      ],
      "N~1/CHHH": [
        2.936211078537704,
        2.0860001972927957,
        3.917986503123351e-07,
        0.5259905072140397
      ],
      "N~2/CC": [
        0.8192948480280166,
        1.1133959855847946,
        0.8602229880769809,
        -0.5493447912202486
      ],
      "N~2/CHH": [
        0.6464446790094078,
        2.508622454521628,
        0.05643279077486435,
        -0.5566915834991842
      ],
      "O~1/C": [
        1.5446061513462346,
        2.2844711091539653,
        -0.025925746672136287,
        0.07120390340643204
      ],
      "O~1/CH": [
        1.7836990263965231,
        1.3050714675227075,
        -0.23220689399884784,
        0.03175521517219093
      ],
      "O~2/C": [
        1.0411930044177755,
        1.195122030086547,
        -0.41303437514290287,
        -0.2598462098172324
      ],
      "S~1/CC": [
        0.5830240666313017,
        0.8956820638878666,
        0.002665589850576639,
        -0.11834226092433132
      ],
      "S~1/CS": [
        0.5548717052494369,
        0.8486289202418578,
        -0.000125426088251351,
        -0.13710817331064393
      ]
    },
    "names": [
      "chi",
      "eta",
      "width",
      "q0"
    ]
  },
  "bond": {
    "data": {
      "C~1/CCCH-C~1/CCHH-1": 1.9317025441716476,
      "C~1/CCCH-C~1/CCHN-1": 1.856597535349682,
      "C~1/CCCH-C~1/CHHH-1": 2.6138165628374157,
      "C~1/CCCH-H~1/C-1": 1.17872881771379,
      "C~1/CCHH-C~1/CCHH-1": 2.091790732365391,
      "C~1/CCHH-C~1/CCHN-1": 1.6163807132211128,
      "C~1/CCHH-C~1/CHHH-1": 2.1239878189324286,
      "C~1/CCHH-C~1/CHHN-1": 2.8639380006561286,
      "C~1/CCHH-C~1/CHHS-1": 2.134564194067667,
      "C~1/CCHH-C~2/CCC-1": 2.674361651912804,
      "C~1/CCHH-C~2/CCN-1": 2.7987025703535298,
      "C~1/CCHH-C~2/CNO-1": 2.533105072841219,
      "C~1/CCHH-C~2/COO-1": 1.9954814606066469,
      "C~1/CCHH-H~1/C-1": 1.303160948225552,
      "C~1/CCHN-C~1/CCHO-1": 2.2790826070119174,
      "C~1/CCHN-C~1/CHHH-1": 1.9274651821336792,
      "C~1/CCHN-C~1/CHHO-1": 2.3105369394621946,
      "C~1/CCHN-C~1/CHHS-1": 1.835513570480442,
      "C~1/CCHN-C~2/CNO-1": 3.473699858557121,
      "C~1/CCHN-C~2/COO-1": 2.359121303268243,
      "C~1/CCHN-H~1/C-1": 1.2379300424947384,
      "C~1/CCHN-N~1/CCC-1": 1.4340371732377204,
      "C~1/CCHN-N~1/CCH-1": 3.113038776859267,
      "C~1/CCHN-N~1/CCHH-1": 0.056081809017307215,
      "C~1/CCHN-N~1/CHHH-1": 1.5927875899327024,
      "C~1/CCHO-C~1/CHHH-1": 1.6830351016117233,
      "C~1/CCHO-H~1/C-1": 0.24851353247897282,
      "C~1/CCHO-O~1/CH-1": 1.6264363918673068,
      "C~1/CHHH-H~1/C-1": 1.1801587252012922,
      "C~1/CHHN-C~2/CNO-1": 2.7159713373656507,
      "C~1/CHHN-H~1/C-1": 0.9864707629224877,
      "C~1/CHHN-N~1/CCC-1": 1.5986089638780188,
      "C~1/CHHN-N~1/CCH-1": 2.727802832396866,
      "C~1/CHHN-N~1/CCHH-1": 0.9214637767791101,
      "C~1/CHHN-N~1/CHHH-1": 2.070467556385923,
      "C~1/CHHO-H~1/C-1": 0.30010062220672146,
      "C~1/CHHO-O~1/CH-1": 1.7193228014234456,
      "C~1/CHHS-H~1/C-1": 0.5468928281604526,
      "C~1/CHHS-S~1/CC-1": 1.0442516983090346,
      "C~1/CHHS-S~1/CS-1": 0.9826529003681045,
      "C~1/HHHS-H~1/C-1": 1.2520360769998262,
      "C~1/HHHS-S~1/CC-1": 1.6257806095604008,
      "C~2/CCC-C~2/CCC-1": 0.10119862472606464,
      "C~2/CCC-C~2/CCH-1": -0.0447735704666762,
      "C~2/CCC-C~2/CCH-2": 0.050974773603892895,
      "C~2/CCC-C~2/CCN-1": 0.041222963043514305,
      "C~2/CCC-C~2/CCN-2": 0.24627877337941861,
      "C~2/CCC-C~2/CHN-2": 0.13524396038169442,
      "C~2/CCH-C~2/CCH-1": -0.05623072959623755,
      "C~2/CCH-C~2/CCH-2": 0.04632784612226053,
      "C~2/CCH-C~2/CCN-1": 0.07786856326213612,
      "C~2/CCH-C~2/CCN-2": 0.052294381425884696,
      "C~2/CCH-C~2/CCO-1": -0.04600490949443139,
      "C~2/CCH-C~2/CCO-2": 0.06038924602350874,
      "C~2/CCH-H~1/C-1": 1.504240696714015,
      "C~2/CCN-C~2/CHN-2": 0.1374743868103803,
      "C~2/CCN-N~1/CCH-1": 0.9830708099306777,
      "C~2/CCN-N~2/CC-1": 0.3855389641730425,
      "C~2/CCO-O~1/CH-1": 1.9570010969518372,
      "C~2/CHN-H~1/C-1": 0.915091130936078,
      "C~2/CHN-N~1/CCH-1": 0.8434315915028409,
      "C~2/CNO-N~1/CCC-1": 0.45221857003447596,
      "C~2/CNO-N~1/CCH-1": 0.5973192611104584,
      "C~2/CNO-N~1/CHH-1": 0.7041889232651135,
      "C~2/CNO-O~2/C-2": 0.2504130382612191,
      "C~2/COO-O~1/C-1": -0.6544452233985734,
      "C~2/COO-O~2/C-2": 0.4546879150525525,